<?xml version="1.0" encoding="UTF-8"?>
<!DOCTYPE suite SYSTEM "https://testng.org/testng-1.0.dtd">
<suite name="AutomationExerciseSuite">
    <test name="AutomationTests">
        <classes>
            <class name="tests.RegisterUserTest"/>
            <class name="tests.LoginUserCorrectTest"/>
            <class name="tests.LoginUserIncorrectTest"/>
            <class name="tests.LogoutUserTest"/>
            <class name="tests.RegisterExistingUserTest"/>
            <class name="tests.ContactUsTest"/>
            <class name="tests.VerifyTestCasesPageTest"/>
            <class name="tests.VerifyProductsTest"/>
            <class name="tests.SearchProductTest"/>
            <class name="tests.VerifySubscriptionTest"/>
        </classes>
    </test>
</suite>
